原文,翻译
分布式系统,distributed system
容器编排,Container Orchestration
零信任架构,Zero Trust Architecture
向量数据库,Vector Database
低代码平台,Low-code platform
边缘计算,Edge Computing
持续集成,Continuous Integration
技术债务,Technical Debt
通勤高峰,Commuting rush hour
社交边界,social boundaries
情绪价值,Emotional Value
断舍离,Decluttering
预制菜,prepared dishes
亲子关系,parent-child relationship
基因编辑,gene editing
暗物质,dark matter
碳中和,carbon neutrality
可再生能源,renewable energy
临床试验,clinical trial
神经可塑性,Neuroplasticity
叙事视角,narrative perspective
意象群,Imagery Group
时代隐喻,epic metaphor
悲剧美学,Tragic Aesthetics
黑色幽默,Black humor
如果我们只追求短期增长而忽视基础研究，下一次技术范式转移到来时就可能失去主动权。,"If we focus solely on short-term growth while neglecting basic research, we may lose the initiative when the next technological paradigm shift arrives."
这个系统在测试环境里表现稳定，但一旦并发量接近峰值，隐藏在缓存一致性里的问题就会集中爆发。,"This system performs stably in the test environment, but once the concurrency reaches its peak, issues hidden within cache consistency will become concentrated and severe."
团队并不是缺少聪明人，而是缺少把复杂问题拆解为可验证假设的共同方法。,"The team is not lacking smart people, but rather lacks a common method to break down complex problems into verifiable hypotheses."
当你把所有功能都堆到首页时，用户看似拥有更多选择，实际上更难完成最核心的任务。,"When you pile all functions onto the home page, users seem to have more options, but in reality, it becomes harder to complete the most core tasks."
新员工在前三个月形成的工作习惯，往往比入职培训手册里的任何口号都更能决定团队文化。,The work habits formed by new employees in the first three months often determine team culture more effectively than any slogan in the onboarding training manual.
那家小店之所以总有人排队，不是因为装修多高级，而是老板记得常客不吃香菜这种细节。,"The reason why there is always a queue at that small shop isn’t because of its fancy decoration, but because the owner remembers details like regular customers not liking cilantro."
与其在社交媒体上反复证明自己，不如把时间留给真正会在困难时站在你身边的人。,"Rather than repeatedly proving yourself on social media, it’s better to spend time with those who will truly stand by you in times of difficulty."
孩子问的问题有时看似天真，却会逼着成年人重新审视那些被默认正确的答案。,"The questions children ask sometimes seem naive, but they force adults to re-examine those commonly accepted answers."
我们原本以为只是换了一个沟通工具，后来才发现真正改变的是协作节奏和责任边界。,"We originally thought it was just a change in communication tools, but later we realized that what really changed was the collaboration pace and responsibility boundaries."
预算削减之后，最先被取消的常常是长期项目，而这些项目恰恰决定了三年后的竞争力。,"After budget cuts, it is often long-term projects that are first canceled, and these projects are precisely what determine competitiveness three years later."
虽然实验结果尚未达到统计显著性，但多个独立样本呈现出同方向变化，这值得继续追踪。,"Although the experimental results have not yet reached statistical significance, multiple independent samples show directional changes, which warrant further tracking."
研究人员提醒公众，相关性并不等于因果性，尤其在样本量有限时更容易产生误判。,"Researchers remind the public that correlation does not equal causation, especially when the sample size is limited, which can lead to misjudgments."
这项疗法在早期试验中显示出希望，不过其长期副作用仍需通过更大规模随访来确认。,"This therapy has shown promise in early trials, but its long-term side effects still need to be confirmed through larger-scale follow-ups."
当观测仪器的分辨率提升一个数量级，我们对同一现象的解释框架也随之被迫更新。,"When the resolution of observational instruments is improved by an order of magnitude, our framework for explaining the same phenomenon is also forced to be updated."
气候模型给出的不是唯一结论，而是一组概率分布，政策制定必须在不确定性中做决策。,"Climate models provide not a single conclusion, but a set of probability distributions. Policy-making must involve decision-making in the face of uncertainty."
小说没有直接写战争，却通过一盏反复熄灭的煤油灯让读者感到时代的阴影。,"The novel doesn't directly describe war, but it makes readers feel the shadow of the era through a kerosene lamp that keeps going out repeatedly."
她的诗句看似平静，停顿与留白却像暗流一样推动情感在读者心里缓慢堆积。,"Her verses seem calm on the surface, but the pauses and spaces act like undercurrents, slowly accumulating emotions in the reader's heart."
导演刻意省略高潮场面，把叙事重心放在失败之后的沉默，这反而让结局更有力量。,"The director deliberately omitted the climactic scenes and focused the narrative on the silence after failure, which actually makes the ending more powerful."
译者若只追求字面对应，往往会牺牲原文的节奏和语气，从而错过真正的文学性。,"If translators only pursue literal correspondence, they often sacrifice the rhythm and tone of the original text, thereby missing out on its true literary quality."
这篇散文最难翻译的不是典故，而是那种若即若离的自嘲口吻。,"The most difficult part of this prose to translate is not the allusions, but that kind of self-mockery with a distant and detached tone."
在多语言产品中，同一个按钮文案在不同文化里可能触发完全不同的心理预期。,"In multi-language products, the same button text may trigger completely different psychological expectations in different cultures."
我们花了两周优化启动速度，结果用户满意度提升的关键却是首次使用时的引导文案。,"We spent two weeks optimizing the startup speed, but the key to improving user satisfaction was the guidance text during the first use."
即使结论正确，若推理过程无法复现，也很难说服同行接受这项研究。,"Even if the conclusion is correct, if the reasoning process cannot be reproduced, it will be difficult to convince peers to accept this research."
一项技术是否先进，不只看模型参数规模，还要看它在真实场景中的可维护性与能耗。,Whether a technology is advanced depends not only on the size of its model parameters but also on its maintainability and energy consumption in real-world scenarios.
当实验失败成为可公开讨论的常态，团队学习速度通常会比只展示成功案例时更快。,"When failure in experiments becomes a topic for public discussion, team learning speed usually increases faster than when only successful cases are presented."
这次暴雨并没有刷新历史极值，却因排水系统老化让一座城市在两小时内陷入瘫痪。,"This heavy rain did not set a new record, but due to aging drainage systems, a city was paralyzed within two hours."
医生解释方案时用了大量术语，病人点头表示理解，但回家后依然不知道该如何用药。,"The doctor used a lot of technical terms when explaining the treatment plan. The patient nodded to show they understood, but after returning home, they still didn't know how to take the medication."
他在演讲里引用了许多数据，然而最打动听众的却是那个关于母亲的简短故事。,"He cited many data in his speech, but what most moved the audience was that short story about his mother."
如果把所有风险都转移给供应商，看起来成本下降了，实际上只是把不确定性延后结算。,"If all risks are transferred to the supplier, it may seem like costs have decreased, but in reality, it merely delays settlement of uncertainty."
我们可以接受进度放缓，但不能接受在需求不清楚时仓促上线再让用户买单。,"We can accept a slower progress, but we cannot accept rushing to launch with unclear requirements and then having users pay for it."
这篇论文方法并不复杂，真正难得的是作者把失败实验也系统地写进了附录。,The method of this paper is not complicated; what’s truly difficult is that the author systematically included failed experiments in the appendix.
你越想把每句话都说得无懈可击，越容易失去对话中最珍贵的真实感。,"The more you try to make every sentence flawless, the easier it is to lose the most precious sense of authenticity in the conversation."
她离开故乡多年后才明白，记忆之所以温柔，并不是因为过去没有裂缝。,It was only many years after she left her hometown that she understood that memories are so gentle not because the past has no cracks.
当机器能够生成看似完美的文本时，人类写作者更需要证明自己为何值得被阅读。,"When machines can generate seemingly perfect text, human writers need to prove why they deserve to be read."
这场争论表面上关于术语定义，深层上却是两种价值排序的冲突。,"This debate seems to involve the definition of terms on the surface, but deep down it is a conflict over two different value rankings."
山重水复疑无路，柳暗花明又一村。,"After winding paths and difficult passages, there seems to be no way out; but then, in the shade of willows and amidst blooming flowers, another village appears."
纸上得来终觉浅，绝知此事要躬行。,"What is learned from books is always shallow; to truly understand something, one must practice it oneself."
既要仰望星空，也要脚踏实地。,"We must look up at the stars, but also stay grounded on our feet."
授人以鱼不如授人以渔。,It is better to teach someone how to fish than to give them fish.
千里之行，始于足下。,A journey of a thousand miles begins with a single step.
这座城市醒得很早，却很少有人真正停下来吃一顿慢早餐。,"This city wakes up very early, but few people actually stop to have a slow breakfast."
她说“没关系”的时候，语气里的颤抖比眼泪更诚实。,"When she said “it’s okay,” the trembling in her voice was more honest than tears."
他把失败称作弯路，其实那是通往成熟的必经路标。,"He calls failure a detour; in fact, it is a necessary milestone on the way to maturity."
风从旧巷穿过，把童年的叫卖声吹得忽远忽近。,"The wind passes through the old alley, carrying the sounds of childhood vendors' calls, sometimes far away, sometimes close by."
灯火可亲，柴米有味，便是寻常日子的英雄主义。,"The warmth of light, the taste of daily necessities, is the heroism of ordinary life."
所谓天赋，不过是把重复做到别人不愿坚持的程度。,The so-called talent is nothing more than doing repetition to an extent that others are unwilling to persist in.
你可以暂时看不到答案，但不要因此停止提问。,"You may not be able to see the answer for now, but don't stop asking because of this."
一个人真正的体面，不在顺境里的风光，而在失意时仍不苛责他人。,"A person's true dignity does not lie in prosperity or glory, but in not harshly judging others when faced with adversity."
我们都在学着告别，只是有人把转身写成了诗。,"We are all learning to say goodbye, but some people have turned that turning away into poetry."
雨停了，树叶还在滴水，像一句话说完后仍有回响。,"The rain stopped, but the leaves are still dripping, like the echoes after a sentence is spoken."
她并非无所畏惧，只是决定先迈出那一步再与恐惧和解。,"She is not fearless, but she decided to take that first step before reconciling with her fears."
这个世界奖励速度，但深刻往往来自缓慢。,"This world rewards speed, but profoundness often comes from slowness."
若你长期凝视深渊，也别忘了回头看看身后的灯。,"If you gaze at the abyss for long, don’t forget to look back at the light behind you."
说理可以赢得辩论，共情才能赢得人心。,"Reason can win debates, while empathy can win hearts."
愿你历尽千帆，归来仍有少年般的好奇。,May you navigate through countless challenges and still retain the curiosity of a young person when you return.
请把会议纪要在今晚六点前发我，我需要据此更新明天的客户提案。,"Please send me the meeting minutes by six o’clock tonight, I need to update tomorrow's client proposal based on them."
麻烦你到楼下代收一下快递，我现在在视频会议里暂时走不开。,Please pick up the package for me downstairs. I can't leave the video conference right now.
这道菜有点辣，能帮我换成不放辣椒的版本吗？,This dish is a bit spicy. Can you switch it to a version without chili?
我临时有事可能会晚到十分钟，你们先开始不用等我。,I might be ten minutes late due to something urgent. You can start now without waiting for me.
如果你周末有空，我们可以一起把旧衣服整理出来捐掉。,"If you have time over the weekend, we can go together and sort out old clothes to donate them."
这家医院网上预约很快就满号，建议你提前一周设置提醒。,"This hospital’s online appointments quickly fill up, it is recommended to set a reminder one week in advance."
我已经把修改意见标在文档批注里，辛苦你看完后统一回复。,I have marked my modifications in the document comments. Please review them and provide a unified response after you’re done.
由于天气原因，原定于今晚的户外活动将改到室内进行。,"Due to weather reasons, the outdoor event originally scheduled for tonight will be moved indoors."
抱歉刚才语气有点急，我的本意是想尽快把问题解决掉。,Sorry for being a bit impatient just now; my intention was to resolve the issue as soon as possible.
这份合同的付款条款我还需要和法务再确认一次。,I need to confirm the payment terms of this contract with the legal department again.
为了减少误解，我们把关键决策都记录在共享文档中。,"To reduce misunderstandings, we record all key decisions in a shared document."
她看起来很平静，但其实在为即将到来的答辩做最后冲刺。,"She seems calm, but in reality, she is making final preparations for her upcoming defense."
这款应用上手门槛不高，真正难的是持续使用形成习惯。,"This app is easy to get started with, but what’s truly difficult is forming a habit of continuous use."
社区图书馆虽然不大，却总能在雨天给人一种被收留的安全感。,"Although the community library is not large, it always gives people a sense of security and being welcome on rainy days."
他并不擅长夸夸其谈，却总能在关键时刻给出可执行的方案。,"He isn't good at empty flattery, but he always comes up with executable solutions at critical moments."
如果实验数据今晚还没跑完，我们就把发布计划顺延到下周一。,"If the experimental data isn't completed by tonight, we'll post the results postponed to next Monday."
你先别急着下结论，等把原始样本再核对一遍。,"Don’t rush to draw conclusions yet, check the original samples again first."
奶奶常说，饭桌上的沉默比争吵更让人心慌。,Grandma always says that silence at the dinner table is more unsettling than arguments.
当我们终于谈到彼此真正担心的事情时，谈判才算正式开始。,"When we finally discuss what truly concerns us, the negotiation can be considered to have officially begun."
请在提交前检查单位和小数点，很多低级错误都出在这里。,Please check the units and decimal points before submitting. Many basic errors occur here.
distributed tracing,分布式追踪
prompt engineering,提示工程
retrieval-augmented generation,增强检索生成
feature flag,特性标志
dependency injection,依赖注入
memory leak,内存泄漏
fault tolerance,容错能力
backward compatibility,向后兼容性
rush hour commute,交通高峰期的通勤
work-life balance,工作与生活的平衡
emotional labor,情感劳动
impulse purchase,冲动购买
digital detox,数字排毒
neighborhood grocery store,社区杂货店
peer review,同行评审
quantum entanglement,量子纠缠
gene sequencing,基因测序
placebo effect,安慰剂效应
ecosystem resilience,生态系统韧性
carbon footprint,碳足迹
unreliable narrator,不可靠的叙述者
stream of consciousness,意识流
dramatic irony,戏剧性反讽
coming-of-age novel,成长小说
poetic license,诗意自由
"Although the prototype looked impressive in demos, it failed in production because no one had tested how it behaved under unstable network conditions.",尽管原型在演示中看起来令人印象深刻，但由于没有人测试其在不稳定网络条件下的表现，它未能投入生产。
"The team agreed to postpone the release, not because the core feature was unfinished, but because the migration plan could have broken existing customer workflows.",团队同意推迟发布，不是因为核心功能未完成，而是因为迁移计划可能会破坏现有客户的工作流程。
"If you optimize only for click-through rate, you may win short-term attention while quietly eroding long-term user trust.",如果只追求点击率，你可能会赢得短期的关注，但同时会悄悄侵蚀用户的长期信任。
What appears to be a simple bug is often the visible symptom of a deeper mismatch between product assumptions and real user behavior.,看似简单的错误往往是产品假设与真实用户行为之间存在更深层次不匹配的可见症状。
"By the time we realized the documentation was outdated, three new hires had already learned the wrong deployment process.",当我们意识到文档已经过时时，已经有三名新员工学会了错误的部署流程。
"She speaks softly, yet every sentence lands with the precision of someone who has revised her thoughts for years.",她说话声音轻柔，但每一句话都像是一位多年精心打磨过想法的人所表达的一样精准。
"We kept adding notifications to improve engagement, then discovered that constant interruption was exactly why users were leaving.",我们不断增加通知以提高用户参与度，但后来发现持续的干扰正是用户离开的原因。
The child did not ask for a perfect answer; he asked a question that adults were afraid to sit with.,孩子并没有要求一个完美的答案；他提出了一个成年人害怕面对的问题。
"Even after the storm passed, the town remained without power, revealing how fragile the infrastructure had become.",即使风暴过去后，小镇仍然没有电力供应，这揭示了基础设施已经变得多么脆弱。
"The restaurant is famous not for expensive ingredients, but for the patience with which it prepares ordinary food.",这家餐厅的名声并非来自昂贵的食材，而是因为它在准备普通食物时所展现出的耐心。
"The study does not prove causation, but the repeated pattern across independent datasets deserves serious attention.",该研究未能证明因果关系，但不同独立数据集中的重复模式值得重视。
"Once the telescope captured higher-resolution images, several textbook explanations had to be rewritten.",一旦望远镜捕获了更高分辨率的图像，就有几本教科书的解释需要重新编写。
"The treatment showed promise in early trials, yet researchers warned that rare side effects might appear only in long-term follow-up.",早期试验表明该治疗方法具有潜力，但研究人员警告说，罕见的副作用可能仅在长期随访中出现。
"Policy makers asked for certainty, but climate scientists could only provide scenarios with different probabilities and trade-offs.",政策制定者要求确定性，但气候科学家只能提供具有不同概率和权衡的情景。
"A single outlier can distort the average, which is why robust statistics matter when decisions affect millions of people.",单个异常值就可能扭曲平均值，这就是为什么在决策影响到数百万人时，稳健统计方法至关重要。
"The novel never names the war directly, but its silence is filled with the sounds of evacuation and absence.",这部小说从未直接提及战争，但其沉默中充满了撤离和缺席的声音。
"Her poems seem plain at first glance, until you notice how every pause redirects the emotional rhythm.",她的诗歌乍看之下似乎很普通，直到你注意到每个停顿都改变了情感的节奏。
"The translator preserved the literal meaning, but the dialogue lost the irony that made the original unforgettable.",翻译者保留了字面意思，但对话失去了使原文令人难忘的讽刺意味。
"The film avoids a triumphant ending, choosing instead to linger on the quiet cost of survival.",这部电影没有采用胜利的结局，而是选择以生存所付出的沉默代价来延续故事。
"He left his hometown decades ago, only to realize that memory edits the past as carefully as a novelist edits a draft.",他几十年前离开了家乡，却后来意识到记忆会像小说家编辑初稿一样仔细地修改过去。
"We spent months refining the algorithm, and then learned that clearer onboarding text improved outcomes more than any model tweak.",我们花了数月时间完善算法，然后发现更清晰的入门文本比任何模型调整都能更好地改善结果。
A tool is not truly advanced if only experts can maintain it after the first wave of enthusiasm fades.,如果一个工具在最初的热情消退后只有专家才能维护，那么它就不算真正先进。
"The meeting sounded productive, yet no one had defined who would own the next decision by Friday.",会议听起来很有成效，但还没有人明确谁将在周五之前负责下一个决策。
"Every failed experiment was logged in detail, allowing the team to eliminate dead ends faster than their competitors.",每个失败的实验都被详细记录，这使得团队能够比竞争对手更快地排除死路。
"The merger looked efficient on paper, but it erased local knowledge that had quietly sustained service quality.",从纸面上看，这次合并似乎很高效，但它却抹去了那些默默维持服务质量的本地专业知识。
"Because the dataset was imbalanced, the model performed well overall while consistently failing on minority cases.",由于数据集不平衡，模型整体表现良好，但在少数类案例上持续失败。
"The doctor used technical terms accurately, but the patient still went home unsure about when to take the medication.",医生准确地使用了专业术语，但患者仍然回家后不确定何时服用药物。
"He cited dozens of statistics, but the audience remembered the story about his grandmother waiting in a clinic hallway.",他引用了数十项统计数据，但听众记住的还是关于他的祖母在诊所走廊等待的故事。
"You can reduce visible cost by outsourcing risk, yet the uncertainty returns later as operational debt.",通过将风险外包，你可以降低可见成本，但随后不确定性又会转化为运营债务。
"We can tolerate a slower roadmap, but not a launch that turns users into unpaid testers.",我们可以接受较慢的路线图，但不能让发布导致用户变成无偿测试者。
What looked like disagreement over terminology was actually a conflict between two value systems.,看似术语上的分歧，实际上是两种价值体系之间的冲突。
"As generative models become fluent, human writers must explain what depth, judgment, and accountability still mean.",随着生成式模型变得越来越熟练，人类作家必须解释深度、判断力和责任性仍然意味着什么。
"The city did not break rainfall records that week, but aging drains were enough to flood entire neighborhoods.",那周这座城市没有打破降雨记录，但老化的排水系统足以导致整个社区被洪水淹没。
"The committee requested a single answer, while the evidence pointed to several plausible explanations.",委员会要求一个明确的答案，而证据则指向了几个可能的解释。
"If we cannot reproduce the reasoning path, a correct conclusion is still a weak foundation for science.",如果我们无法再现推理过程，那么正确的结论仍然只是科学的基础薄弱部分。
"Where there is a will, there is a way.",有志者，事竟成。
A journey of a thousand miles begins with a single step.,千里之行，始于一步。
Give a person a fish and you feed them for a day; teach them to fish and you feed them for a lifetime.,给一个人鱼，你只能养他们一天；教他们捕鱼，你就能养他们一辈子。
"The lights are warm, the rice is fragrant, and ordinary days are quietly heroic.",灯光温暖，米饭香气扑鼻，平凡的日子里却充满英雄气概。
"She said ""I'm fine,"" but her trembling voice told a different story.",她说“我没事”，但她颤抖的声音讲述了一个不同的故事。
"He called it a detour, but it was the road on which he learned how to grow up.",他称之为绕路，但那正是他成长的道路。
"The wind passed through the old alley, carrying street cries from a childhood that never fully left.",风穿过古老的巷子，带着童年时从未完全消失的街头呼喊。
"This world rewards speed, yet depth is often born in slowness.",这个世界奖励的是速度，然而深度往往源于缓慢。
"You may not see the answer yet, but do not stop asking better questions.",你可能还看不到答案，但请不要停止提出更好的问题。
Reason can win an argument; empathy can win a heart.,理性可以赢得争论；同理心可以赢得人心。
"Even after the rain stopped, drops kept falling from the leaves like an afterthought of the sky.",即使雨停了，水滴仍像天空的附带物一样从树叶上滴落。
"Real dignity is not how brightly you shine in success, but how gently you treat others in defeat.",真正的尊严不在于成功时多么耀眼，而在于失败时如何温柔地对待他人。
"We are all learning to say goodbye, only some people turn that turning away into poetry.",我们都在学习如何说再见，只是有些人将这种告别转化为诗歌。
"Courage is not the absence of fear, but the decision to move while fear is still present.",勇气不是恐惧的缺失，而是在恐惧仍然存在时仍然决定前进。
He was not fearless; he simply took one step before negotiating with his fear.,他并非无所畏惧；他只是在与恐惧谈判之前迈出了一步。
"The city wakes early, but few people sit down long enough for a slow breakfast.",这座城市清晨便开始活跃起来，但很少有人能坐下来慢慢吃早餐。
Talent is often just disciplined repetition that others are unwilling to sustain.,天赋往往只是他人不愿持续进行的自律性重复。
May you cross many seas and still return with a beginner's curiosity.,愿你穿越无数海洋，仍带着初学者的好奇心归来。
"When words run out, silence continues the sentence.",当词汇用尽时，沉默继续着句子。
The deepest conversations begin when both sides admit what they are truly afraid of.,最深刻的对话始于双方都承认自己真正害怕的事情。
Please send me the meeting minutes by 6 p.m. so I can finalize tomorrow's client proposal.,请在下午6点前发送会议记录，以便我明天能完成客户提案的整理。
Could you pick up my package downstairs? I'm stuck in a video call.,你能去楼下取我的包裹吗？我正在视频通话中，无法离开。
This dish is a bit too spicy for me; could you make a non-spicy version?,这道菜对我来说有点太辣了；你能做一份不辣的版本吗？
"I might be about ten minutes late because of an urgent issue, so please start without me.",我可能因为一个紧急问题而迟到大约十分钟，所以请在没有我的情况下开始。
"If you're free this weekend, we can sort out old clothes and donate them together.",如果你这周末有空，我们可以一起整理旧衣服并捐赠出去。
"Appointments at this hospital fill up quickly online, so set a reminder at least a week in advance.",这家医院的预约在线上很快就会被填满，所以至少提前一周设置提醒。
I've left comments in the document; please review them and reply in one batch.,我在文档中留下了评论；请查看并一次性回复。
"Due to weather conditions, tonight's outdoor event will be moved indoors.",由于天气状况，今晚的户外活动将改在室内进行。
Sorry if I sounded sharp earlier; I just wanted to resolve the issue quickly.,如果我之前的话听起来有点生硬，请谅解；我只是想尽快解决问题。
I still need to confirm the payment terms in this contract with our legal team.,我还需要与我们的法律团队确认合同中的付款条款。
"To reduce misunderstandings, let's document all key decisions in a shared file.",为了减少误解，让我们将所有关键决策记录在一个共享文件中。
"She looks calm, but she's sprinting toward the final stretch of her thesis defense.",她看起来很平静，但实际上她正快速奔向论文答辩的最后阶段。
"This app is easy to start, but hard to stick with long enough to form a habit.",这个应用很容易开始使用，但很难坚持足够长的时间来养成习惯。
"The community library is small, yet on rainy days it feels like a shelter.",社区图书馆虽然不大，但在雨天里却像是一个避风港。
"He is not a flashy speaker, but he delivers executable plans when it matters.",他不是个华而不实的演讲者，但在关键时刻他能提出切实可行的计划。
"If the experiment hasn't finished running tonight, we'll move the release to next Monday.",如果今晚实验尚未结束，我们将把发布时间推迟到下周一。
Let's not jump to conclusions until we recheck the raw samples.,在重新检查原始样本之前，我们不要急于下结论。
Grandma used to say that silence at the dinner table can be more unsettling than an argument.,奶奶过去常说，餐桌上的沉默可能比争吵更令人不安。
The negotiation only truly began when we spoke about what each side feared losing.,谈判真正开始是在我们讨论到双方各自害怕失去什么的时候。
Please verify units and decimal points before submission; many avoidable errors happen there.,请在提交前核对单位和单位小数点；很多可以避免的错误就发生在那里。
